{"ip":0,"fr":60,"v":"5.1.20","assets":[],"layers":[{"ty":4,"nm":"Group 5","ip":0,"st":0,"ind":6,"hix":2,"ks":{"o":{"a":0,"k":100},"or":{"a":0,"k":[0,0,0]},"a":{"a":0,"k":[12,7.5,0]},"p":{"s":true,"x":{"a":1,"k":[{"t":0,"s":[566.284],"e":[427.579],"i":{"x":[0.515],"y":[0.955]},"o":{"x":[0.455],"y":[0.03]}},{"t":119}]},"y":{"a":1,"k":[{"t":0,"s":[62.374000549316406],"e":[13.897496643066404],"i":{"x":[0.515],"y":[0.955]},"o":{"x":[0.455],"y":[0.03]}},{"t":119}]}},"rx":{"a":0,"k":0},"ry":{"a":0,"k":0},"rz":{"a":0,"k":0},"s":{"a":0,"k":[66.7,73.3]}},"shapes":[{"ty":"gr","nm":"Group 5 shape group","it":[{"ty":"sh","ks":{"a":0,"k":{"c":true,"v":[[14.4135,8.33578],[23.6191,0.972985],[12.3267,7.17135],[0.657471,7.89181],[19.0764,14.5785]],"i":[[2.1160999999999976,1.5952900000000003],[0,0],[1.2024999999999988,-3.0871000000000004],[0,0],[0,0]],"o":[[0,0],[-7.151399999999999,-0.7889999999999999],[-5.587040000000001,-2.3200000000000003],[0,0],[-0.929199999999998,-2.4818999999999996]]}}},{"ty":"st","o":{"a":0,"k":0},"w":{"a":0,"k":0},"c":{"a":0,"k":[0,0,0,0]},"lc":3,"lj":1,"ml":1},{"ty":"fl","o":{"a":0,"k":100},"r":1,"c":{"a":0,"k":[0,0,0,1]}},{"ty":"tr","o":{"a":0,"k":100},"a":{"a":0,"k":[0,0]},"s":{"a":0,"k":[100,100]},"p":{"a":0,"k":[0,0]},"r":{"a":0,"k":0}}]}],"op":120},{"ty":4,"nm":"Group 4","ip":0,"st":0,"ind":5,"hix":3,"ks":{"o":{"a":0,"k":100},"or":{"a":0,"k":[0,0,0]},"a":{"a":0,"k":[12,7.5,0]},"p":{"s":true,"x":{"a":1,"k":[{"t":0,"s":[701.641],"e":[566.9275512695312],"i":{"x":[0.515],"y":[0.955]},"o":{"x":[0.455],"y":[0.03]}},{"t":119}]},"y":{"a":1,"k":[{"t":0,"s":[154.6739959716797],"e":[88.29899597167969],"i":{"x":[0.515],"y":[0.955]},"o":{"x":[0.455],"y":[0.03]}},{"t":119}]}},"rx":{"a":0,"k":0},"ry":{"a":0,"k":0},"rz":{"a":0,"k":0},"s":{"a":0,"k":[75,75]}},"shapes":[{"ty":"gr","nm":"Group 4 shape group","it":[{"ty":"sh","ks":{"a":0,"k":{"c":true,"v":[[14.4135,8.33578],[23.6191,0.972985],[12.3267,7.17135],[0.657471,7.89181],[19.0764,14.5785],[14.4135,8.33578]],"i":[[0,0],[0,0],[1.2024999999999988,-3.0871000000000004],[0,0],[0,0],[2.1160999999999976,1.5952900000000003]],"o":[[0,0],[-7.151399999999999,-0.7889999999999999],[-5.587040000000001,-2.3200000000000003],[0,0],[-0.929199999999998,-2.4818999999999996],[0,0]]}}},{"ty":"st","o":{"a":0,"k":0},"w":{"a":0,"k":0},"c":{"a":0,"k":[0,0,0,0]},"lc":3,"lj":1,"ml":1},{"ty":"fl","o":{"a":0,"k":100},"r":1,"c":{"a":0,"k":[0,0,0,1]}},{"ty":"tr","o":{"a":0,"k":100},"a":{"a":0,"k":[0,0]},"s":{"a":0,"k":[100,100]},"p":{"a":0,"k":[0,0]},"r":{"a":0,"k":0}}]}],"op":120},{"ty":4,"nm":"Group 3","ip":0,"st":0,"ind":4,"hix":4,"ks":{"o":{"a":0,"k":100},"or":{"a":0,"k":[0,0,0]},"a":{"a":0,"k":[12,7.5,0]},"p":{"s":true,"x":{"a":1,"k":[{"t":0,"s":[606.1365029296875],"e":[511.07899999999995],"i":{"x":[0.515],"y":[0.955]},"o":{"x":[0.455],"y":[0.03]}},{"t":120}]},"y":{"a":1,"k":[{"t":0,"s":[172.23899841308594],"e":[138.621],"i":{"x":[0.515],"y":[0.955]},"o":{"x":[0.455],"y":[0.03]}},{"t":120}]}},"rx":{"a":0,"k":0},"ry":{"a":0,"k":0},"rz":{"a":0,"k":0},"s":{"a":0,"k":[70.8,75.7]}},"shapes":[{"ty":"gr","nm":"Group 3 shape group","it":[{"ty":"sh","ks":{"a":0,"k":{"c":true,"v":[[14.4135,8.33578],[23.6191,0.972985],[12.3267,7.17135],[0.657471,7.89181],[19.0764,14.5785],[14.4135,8.33578]],"i":[[0,0],[0,0],[1.2024999999999988,-3.0871000000000004],[0,0],[0,0],[2.1160999999999976,1.5952900000000003]],"o":[[0,0],[-7.151399999999999,-0.7889999999999999],[-5.587040000000001,-2.3200000000000003],[0,0],[-0.929199999999998,-2.4818999999999996],[0,0]]}}},{"ty":"st","o":{"a":0,"k":0},"w":{"a":0,"k":0},"c":{"a":0,"k":[0,0,0,0]},"lc":3,"lj":1,"ml":1},{"ty":"fl","o":{"a":0,"k":100},"r":1,"c":{"a":0,"k":[0,0,0,1]}},{"ty":"tr","o":{"a":0,"k":100},"a":{"a":0,"k":[0,0]},"s":{"a":0,"k":[100,100]},"p":{"a":0,"k":[0,0]},"r":{"a":0,"k":0}}]}],"op":120},{"ty":4,"nm":"Group 2","ip":0,"st":0,"ind":3,"hix":5,"ks":{"o":{"a":0,"k":100},"or":{"a":0,"k":[0,0,0]},"a":{"a":0,"k":[12,7.5,0]},"p":{"s":true,"x":{"a":1,"k":[{"t":0,"s":[307.5],"e":[240.5],"i":{"x":[0.515],"y":[0.955]},"o":{"x":[0.455],"y":[0.03]}},{"t":120}]},"y":{"a":1,"k":[{"t":0,"s":[156.2689959716797],"e":[98.29899597167969],"i":{"x":[0.515],"y":[0.955]},"o":{"x":[0.455],"y":[0.03]}},{"t":120}]}},"rx":{"a":0,"k":0},"ry":{"a":0,"k":0},"rz":{"a":0,"k":0},"s":{"a":0,"k":[79.2,79.60000000000001]}},"shapes":[{"ty":"gr","nm":"Group 2 shape group","it":[{"ty":"sh","ks":{"a":0,"k":{"c":true,"v":[[14.4135,8.33578],[23.6191,0.972985],[12.3267,7.17135],[0.657471,7.89181],[19.0764,14.5785],[14.4135,8.33578]],"i":[[0,0],[0,0],[1.2024999999999988,-3.0871000000000004],[0,0],[0,0],[2.1160999999999976,1.5952900000000003]],"o":[[0,0],[-7.151399999999999,-0.7889999999999999],[-5.587040000000001,-2.3200000000000003],[0,0],[-0.929199999999998,-2.4818999999999996],[0,0]]}}},{"ty":"st","o":{"a":0,"k":0},"w":{"a":0,"k":0},"c":{"a":0,"k":[0,0,0,0]},"lc":3,"lj":1,"ml":1},{"ty":"fl","o":{"a":0,"k":100},"r":1,"c":{"a":0,"k":[0,0,0,1]}},{"ty":"tr","o":{"a":0,"k":100},"a":{"a":0,"k":[0,0]},"s":{"a":0,"k":[100,100]},"p":{"a":0,"k":[0,0]},"r":{"a":0,"k":0}}]}],"op":120},{"ty":4,"nm":"sun","ip":0,"st":0,"ind":2,"hix":6,"ks":{"o":{"a":0,"k":100},"or":{"a":0,"k":[0,0,0]},"a":{"a":0,"k":[39.5,39.5,0]},"p":{"s":true,"x":{"a":1,"k":[{"t":0,"s":[146.95050048828125],"e":[38.922],"i":{"x":[0.515],"y":[0.955]},"o":{"x":[0.03],"y":[0.26]}},{"t":119}]},"y":{"a":1,"k":[{"t":0,"s":[41.03449597167969],"e":[214.59249999999997],"i":{"x":[0.515],"y":[0.955]},"o":{"x":[0.015],"y":[0.385]}},{"t":119}]}},"rx":{"a":0,"k":0},"ry":{"a":0,"k":0},"rz":{"a":0,"k":0},"s":{"a":0,"k":[81,80.10000000000001]}},"shapes":[{"ty":"gr","nm":"sun shape group","it":[{"ty":"sh","ks":{"a":0,"k":{"c":true,"v":[[39.5,79],[79,39.5],[39.5,0],[0,39.5]],"i":[[-21.8152,0],[0,21.815199999999997],[21.815199999999997,0],[0,-21.8152]],"o":[[21.815199999999997,0],[0,-21.8152],[-21.8152,0],[0,21.815199999999997]]}}},{"ty":"st","o":{"a":0,"k":0},"w":{"a":0,"k":0},"c":{"a":0,"k":[0,0,0,0]},"lc":3,"lj":1,"ml":1},{"ty":"fl","o":{"a":0,"k":100},"r":1,"c":{"a":1,"k":[{"t":0,"s":[1,0.9450980392156862,0.16862745098039217,1],"e":[0.9411764705882353,0.6549019607843137,0.20392156862745098,1],"i":{"x":[0.515],"y":[0.955]},"o":{"x":[0.455],"y":[0.03]}},{"t":119}]}},{"ty":"tr","o":{"a":0,"k":100},"a":{"a":0,"k":[0,0]},"s":{"a":0,"k":[100,100]},"p":{"a":0,"k":[0,0]},"r":{"a":0,"k":0}}]}],"op":120},{"ty":4,"nm":"Group 1","ip":0,"st":0,"ind":1,"hix":7,"ks":{"o":{"a":0,"k":100},"or":{"a":0,"k":[0,0,0]},"a":{"a":0,"k":[444,76.5,0]},"p":{"s":true,"x":{"a":0,"k":386.7959928948212},"y":{"a":0,"k":321.3135}},"rx":{"a":0,"k":0},"ry":{"a":0,"k":0},"rz":{"a":0,"k":0},"s":{"a":0,"k":[83.89999999999999,73.9]}},"shapes":[{"ty":"gr","nm":"Group 1 shape group","it":[{"ty":"sh","ks":{"a":0,"k":{"c":true,"v":[[105.878,114.016],[43.8779,114.016],[43.8779,116.016],[105.878,116.016]],"i":[[0,0],[0,0],[0,0],[0,0]],"o":[[0,0],[0,0],[0,0],[0,0]]}}},{"ty":"st","o":{"a":0,"k":0},"w":{"a":0,"k":0},"c":{"a":0,"k":[0,0,0,0]},"lc":3,"lj":1,"ml":1},{"ty":"fl","o":{"a":0,"k":100},"r":1,"c":{"a":0,"k":[0.10588235294117647,0.2549019607843137,0.5803921568627451,1]}},{"ty":"tr","o":{"a":0,"k":100},"a":{"a":0,"k":[0,0]},"s":{"a":0,"k":[100,100]},"p":{"a":0,"k":[0,0]},"r":{"a":0,"k":0}}]},{"ty":"gr","nm":"Group 1 shape group","it":[{"ty":"sh","ks":{"a":0,"k":{"c":true,"v":[[105.878,119.016],[43.8779,119.016],[43.8779,121.016],[105.878,121.016]],"i":[[0,0],[0,0],[0,0],[0,0]],"o":[[0,0],[0,0],[0,0],[0,0]]}}},{"ty":"st","o":{"a":0,"k":0},"w":{"a":0,"k":0},"c":{"a":0,"k":[0,0,0,0]},"lc":3,"lj":1,"ml":1},{"ty":"fl","o":{"a":0,"k":100},"r":1,"c":{"a":0,"k":[0.10588235294117647,0.2549019607843137,0.5803921568627451,1]}},{"ty":"tr","o":{"a":0,"k":100},"a":{"a":0,"k":[0,0]},"s":{"a":0,"k":[100,100]},"p":{"a":0,"k":[0,0]},"r":{"a":0,"k":0}}]},{"ty":"gr","nm":"Group 1 shape group","it":[{"ty":"sh","ks":{"a":0,"k":{"c":true,"v":[[105.878,124.016],[43.8779,124.016],[43.8779,126.016],[105.878,126.016]],"i":[[0,0],[0,0],[0,0],[0,0]],"o":[[0,0],[0,0],[0,0],[0,0]]}}},{"ty":"st","o":{"a":0,"k":0},"w":{"a":0,"k":0},"c":{"a":0,"k":[0,0,0,0]},"lc":3,"lj":1,"ml":1},{"ty":"fl","o":{"a":0,"k":100},"r":1,"c":{"a":0,"k":[0.10588235294117647,0.2549019607843137,0.5803921568627451,1]}},{"ty":"tr","o":{"a":0,"k":100},"a":{"a":0,"k":[0,0]},"s":{"a":0,"k":[100,100]},"p":{"a":0,"k":[0,0]},"r":{"a":0,"k":0}}]},{"ty":"gr","nm":"Group 1 shape group","it":[{"ty":"sh","ks":{"a":0,"k":{"c":true,"v":[[128.756,81],[112.756,81],[112.756,97],[120.173,97],[120.173,150.912],[122.173,150.912],[122.173,97],[128.756,97]],"i":[[0,0],[0,0],[0,0],[0,0],[0,0],[0,0],[0,0],[0,0]],"o":[[0,0],[0,0],[0,0],[0,0],[0,0],[0,0],[0,0],[0,0]]}}},{"ty":"st","o":{"a":0,"k":0},"w":{"a":0,"k":0},"c":{"a":0,"k":[0,0,0,0]},"lc":3,"lj":1,"ml":1},{"ty":"fl","o":{"a":0,"k":100},"r":1,"c":{"a":0,"k":[0.10588235294117647,0.2549019607843137,0.5803921568627451,1]}},{"ty":"tr","o":{"a":0,"k":100},"a":{"a":0,"k":[0,0]},"s":{"a":0,"k":[100,100]},"p":{"a":0,"k":[0,0]},"r":{"a":0,"k":0}}]},{"ty":"gr","nm":"Group 1 shape group","it":[{"ty":"sh","ks":{"a":0,"k":{"c":true,"v":[[862.756,138],[855.786,139.87],[848.101,136.188],[839.65,137.292],[833.17,142.827],[830.756,151],[876.705,151],[872.288,141.756]],"i":[[3.538000000000011,0.0010000000000047748],[2.119000000000028,-1.2249999999999943],[2.8640000000000327,0.45700000000002206],[2.6510000000000673,-1.1779999999999973],[1.5790000000000646,-2.4329999999999927],[-0.004000000000019099,-2.9010000000000105],[0,0],[2.588999999999942,2.412000000000006]],"o":[[-2.4470000000000027,0],[-2.1509999999999536,-1.945999999999998],[-2.865000000000009,-0.4579999999999984],[-2.6499999999999773,1.179000000000002],[-1.5789999999999509,2.4329999999999927],[0,0],[-0.25,-3.5289999999999964],[-2.5879999999999654,-2.413000000000011]]}}},{"ty":"st","o":{"a":0,"k":0},"w":{"a":0,"k":0},"c":{"a":0,"k":[0,0,0,0]},"lc":3,"lj":1,"ml":1},{"ty":"fl","o":{"a":0,"k":100},"r":1,"c":{"a":0,"k":[0.3843137254901961,0.796078431372549,0.8745098039215686,1]}},{"ty":"tr","o":{"a":0,"k":100},"a":{"a":0,"k":[0,0]},"s":{"a":0,"k":[100,100]},"p":{"a":0,"k":[0,0]},"r":{"a":0,"k":0}}]},{"ty":"gr","nm":"Group 1 shape group","it":[{"ty":"sh","ks":{"a":0,"k":{"c":true,"v":[[764.756,138],[757.786,139.87],[750.101,136.188],[741.65,137.292],[735.17,142.827],[732.756,151],[778.705,151],[774.288,141.756]],"i":[[3.538000000000011,0.0010000000000047748],[2.119000000000028,-1.2249999999999943],[2.8640000000000327,0.45700000000002206],[2.6510000000000673,-1.1779999999999973],[1.5790000000000646,-2.4329999999999927],[-0.004000000000019099,-2.9010000000000105],[0,0],[2.588999999999942,2.412000000000006]],"o":[[-2.4470000000000027,0],[-2.1509999999999536,-1.945999999999998],[-2.865000000000009,-0.4579999999999984],[-2.6499999999999773,1.179000000000002],[-1.5789999999999509,2.4329999999999927],[0,0],[-0.25,-3.5289999999999964],[-2.5879999999999654,-2.413000000000011]]}}},{"ty":"st","o":{"a":0,"k":0},"w":{"a":0,"k":0},"c":{"a":0,"k":[0,0,0,0]},"lc":3,"lj":1,"ml":1},{"ty":"fl","o":{"a":0,"k":100},"r":1,"c":{"a":0,"k":[0.3843137254901961,0.796078431372549,0.8745098039215686,1]}},{"ty":"tr","o":{"a":0,"k":100},"a":{"a":0,"k":[0,0]},"s":{"a":0,"k":[100,100]},"p":{"a":0,"k":[0,0]},"r":{"a":0,"k":0}}]},{"ty":"gr","nm":"Group 1 shape group","it":[{"ty":"sh","ks":{"a":0,"k":{"c":true,"v":[[560.756,138],[553.786,139.87],[546.101,136.188],[537.65,137.292],[531.17,142.827],[528.756,151],[574.705,151],[570.288,141.756]],"i":[[3.538000000000011,0.0010000000000047748],[2.119000000000028,-1.2249999999999943],[2.8640000000000327,0.45700000000002206],[2.6510000000000673,-1.1779999999999973],[1.5790000000000646,-2.4329999999999927],[-0.004000000000019099,-2.9010000000000105],[0,0],[2.588999999999942,2.412000000000006]],"o":[[-2.4470000000000027,0],[-2.1509999999999536,-1.945999999999998],[-2.865000000000009,-0.4579999999999984],[-2.6499999999999773,1.179000000000002],[-1.5789999999999509,2.4329999999999927],[0,0],[-0.25,-3.5289999999999964],[-2.5879999999999654,-2.413000000000011]]}}},{"ty":"st","o":{"a":0,"k":0},"w":{"a":0,"k":0},"c":{"a":0,"k":[0,0,0,0]},"lc":3,"lj":1,"ml":1},{"ty":"fl","o":{"a":0,"k":100},"r":1,"c":{"a":0,"k":[0.3843137254901961,0.796078431372549,0.8745098039215686,1]}},{"ty":"tr","o":{"a":0,"k":100},"a":{"a":0,"k":[0,0]},"s":{"a":0,"k":[100,100]},"p":{"a":0,"k":[0,0]},"r":{"a":0,"k":0}}]},{"ty":"gr","nm":"Group 1 shape group","it":[{"ty":"sh","ks":{"a":0,"k":{"c":true,"v":[[405.756,138],[398.786,139.87],[391.101,136.188],[382.65,137.292],[376.17,142.827],[373.756,151],[419.705,151],[415.288,141.756]],"i":[[3.538000000000011,0.0010000000000047748],[2.1189999999999714,-1.2249999999999943],[2.863999999999976,0.45700000000002206],[2.6510000000000105,-1.1779999999999973],[1.5790000000000077,-2.4329999999999927],[-0.003999999999962256,-2.9010000000000105],[0,0],[2.5889999999999986,2.412000000000006]],"o":[[-2.446999999999946,0],[-2.1510000000000105,-1.945999999999998],[-2.865000000000009,-0.4579999999999984],[-2.6499999999999773,1.179000000000002],[-1.5790000000000077,2.4329999999999927],[0,0],[-0.25,-3.5289999999999964],[-2.5880000000000223,-2.413000000000011]]}}},{"ty":"st","o":{"a":0,"k":0},"w":{"a":0,"k":0},"c":{"a":0,"k":[0,0,0,0]},"lc":3,"lj":1,"ml":1},{"ty":"fl","o":{"a":0,"k":100},"r":1,"c":{"a":0,"k":[0.3843137254901961,0.796078431372549,0.8745098039215686,1]}},{"ty":"tr","o":{"a":0,"k":100},"a":{"a":0,"k":[0,0]},"s":{"a":0,"k":[100,100]},"p":{"a":0,"k":[0,0]},"r":{"a":0,"k":0}}]},{"ty":"gr","nm":"Group 1 shape group","it":[{"ty":"sh","ks":{"a":0,"k":{"c":true,"v":[[168.756,138],[161.786,139.87],[154.101,136.188],[145.65,137.292],[139.17,142.827],[136.756,151],[182.705,151],[178.288,141.756]],"i":[[3.538000000000011,0.0010000000000047748],[2.1189999999999998,-1.2249999999999943],[2.8640000000000043,0.45700000000002206],[2.650999999999982,-1.1779999999999973],[1.5790000000000077,-2.4329999999999927],[-0.003999999999990678,-2.9010000000000105],[0,0],[2.5889999999999986,2.412000000000006]],"o":[[-2.4470000000000027,0],[-2.1510000000000105,-1.945999999999998],[-2.865000000000009,-0.4579999999999984],[-2.6500000000000057,1.179000000000002],[-1.5789999999999793,2.4329999999999927],[0,0],[-0.25,-3.5289999999999964],[-2.5880000000000223,-2.413000000000011]]}}},{"ty":"st","o":{"a":0,"k":0},"w":{"a":0,"k":0},"c":{"a":0,"k":[0,0,0,0]},"lc":3,"lj":1,"ml":1},{"ty":"fl","o":{"a":0,"k":100},"r":1,"c":{"a":0,"k":[0.3843137254901961,0.796078431372549,0.8745098039215686,1]}},{"ty":"tr","o":{"a":0,"k":100},"a":{"a":0,"k":[0,0]},"s":{"a":0,"k":[100,100]},"p":{"a":0,"k":[0,0]},"r":{"a":0,"k":0}}]},{"ty":"gr","nm":"Group 1 shape group","it":[{"ty":"sh","ks":{"a":0,"k":{"c":true,"v":[[105.756,130],[43.7559,130],[43.7559,132],[53.4249,132],[53.4249,151],[55.4249,151],[55.4249,132],[93.0869,132],[93.0869,151],[95.0869,151],[95.0869,132],[105.756,132]],"i":[[0,0],[0,0],[0,0],[0,0],[0,0],[0,0],[0,0],[0,0],[0,0],[0,0],[0,0],[0,0]],"o":[[0,0],[0,0],[0,0],[0,0],[0,0],[0,0],[0,0],[0,0],[0,0],[0,0],[0,0],[0,0]]}}},{"ty":"st","o":{"a":0,"k":0},"w":{"a":0,"k":0},"c":{"a":0,"k":[0,0,0,0]},"lc":3,"lj":1,"ml":1},{"ty":"fl","o":{"a":0,"k":100},"r":1,"c":{"a":0,"k":[0.10588235294117647,0.2549019607843137,0.5803921568627451,1]}},{"ty":"tr","o":{"a":0,"k":100},"a":{"a":0,"k":[0,0]},"s":{"a":0,"k":[100,100]},"p":{"a":0,"k":[0,0]},"r":{"a":0,"k":0}}]},{"ty":"gr","nm":"Group 1 shape group","it":[{"ty":"sh","ks":{"a":0,"k":{"c":true,"v":[[31.2287,117.255],[30.6288,116.115],[26.3242,118.382],[26.9241,119.521]],"i":[[0,0],[0,0],[0,0],[0,0]],"o":[[0,0],[0,0],[0,0],[0,0]]}}},{"ty":"st","o":{"a":0,"k":0},"w":{"a":0,"k":0},"c":{"a":0,"k":[0,0,0,0]},"lc":3,"lj":1,"ml":1},{"ty":"fl","o":{"a":0,"k":100},"r":1,"c":{"a":0,"k":[0.10588235294117647,0.2549019607843137,0.5803921568627451,1]}},{"ty":"tr","o":{"a":0,"k":100},"a":{"a":0,"k":[0,0]},"s":{"a":0,"k":[100,100]},"p":{"a":0,"k":[0,0]},"r":{"a":0,"k":0}}]},{"ty":"gr","nm":"Group 1 shape group","it":[{"ty":"sh","ks":{"a":0,"k":{"c":true,"v":[[26.4868,77.041],[26.5588,77.041],[27.8458,150.87],[25.1278,150.87]],"i":[[0,0],[0,0],[0,0],[0,0]],"o":[[0,0],[0,0],[0,0],[0,0]]}}},{"ty":"st","o":{"a":0,"k":0},"w":{"a":0,"k":0},"c":{"a":0,"k":[0,0,0,0]},"lc":3,"lj":1,"ml":1},{"ty":"fl","o":{"a":0,"k":100},"r":1,"c":{"a":0,"k":[0.10588235294117647,0.2549019607843137,0.5803921568627451,1]}},{"ty":"tr","o":{"a":0,"k":100},"a":{"a":0,"k":[0,0]},"s":{"a":0,"k":[100,100]},"p":{"a":0,"k":[0,0]},"r":{"a":0,"k":0}}]},{"ty":"gr","nm":"Group 1 shape group","it":[{"ty":"sh","ks":{"a":0,"k":{"c":true,"v":[[45.7861,59.6475],[46.7157,77.5922],[35.8028,91.8675],[18.2425,95.6774],[2.3949,87.2081],[8.90343,96.3146],[18.6334,101.848],[29.7873,102.786],[40.3048,98.9554],[48.2428,91.0638],[52.1351,80.569],[51.2625,69.4097],[45.7862,59.6475]],"i":[[0,0],[1.8289000000000044,-5.9024],[5.216000000000001,-3.3131000000000057],[6.120100000000001,0.8534999999999968],[4.11048,4.613799999999998],[-2.8039199999999997,-2.5279000000000025],[-3.6061000000000014,-1.1170000000000044],[-3.7419999999999973,0.5],[-3.186700000000002,2.0246000000000066],[-2.0427000000000035,3.1748000000000047],[-0.5213999999999999,3.7390000000000043],[1.096199999999996,3.6126000000000005],[2.511400000000002,2.8186999999999998]],"o":[[2.429000000000002,5.681800000000003],[-1.828800000000001,5.902499999999989],[-5.216099999999997,3.312999999999988],[-6.119999999999999,-0.8536000000000001],[1.48381,3.4714000000000027],[2.80387,2.5279000000000025],[3.605999999999998,1.1170000000000044],[3.742100000000004,-0.4989999999999952],[3.186700000000002,-2.0241000000000042],[2.0427999999999997,-3.1748000000000047],[0.5213999999999999,-3.7391000000000076],[-1.0962999999999994,-3.612499999999997],[0,0]]}}},{"ty":"st","o":{"a":0,"k":0},"w":{"a":0,"k":0},"c":{"a":0,"k":[0,0,0,0]},"lc":3,"lj":1,"ml":1},{"ty":"fl","o":{"a":0,"k":100},"r":1,"c":{"a":0,"k":[0,0,0,1]}},{"ty":"tr","o":{"a":0,"k":20},"a":{"a":0,"k":[0,0]},"s":{"a":0,"k":[100,100]},"p":{"a":0,"k":[0,0]},"r":{"a":0,"k":0}}]},{"ty":"gr","nm":"Group 1 shape group","it":[{"ty":"sh","ks":{"a":0,"k":{"c":true,"v":[[26.4156,103.081],[52.4561,77.0406],[26.4156,51],[0.375,77.0406]],"i":[[-14.381800000000002,0],[0,14.381799999999998],[14.381800000000002,0],[0,-14.381899999999995]],"o":[[14.381800000000002,0],[0,-14.381899999999995],[-14.381800000000002,0],[0,14.381799999999998]]}}},{"ty":"st","o":{"a":0,"k":0},"w":{"a":0,"k":0},"c":{"a":0,"k":[0,0,0,0]},"lc":3,"lj":1,"ml":1},{"ty":"fl","o":{"a":0,"k":100},"r":1,"c":{"a":0,"k":[0.3843137254901961,0.796078431372549,0.8745098039215686,1]}},{"ty":"tr","o":{"a":0,"k":100},"a":{"a":0,"k":[0,0]},"s":{"a":0,"k":[100,100]},"p":{"a":0,"k":[0,0]},"r":{"a":0,"k":0}}]},{"ty":"gr","nm":"Group 1 shape group","it":[{"ty":"sh","ks":{"a":0,"k":{"c":true,"v":[[816.293,100.752],[815.381,99.0198],[808.835,102.466],[809.748,104.199]],"i":[[0,0],[0,0],[0,0],[0,0]],"o":[[0,0],[0,0],[0,0],[0,0]]}}},{"ty":"st","o":{"a":0,"k":0},"w":{"a":0,"k":0},"c":{"a":0,"k":[0,0,0,0]},"lc":3,"lj":1,"ml":1},{"ty":"fl","o":{"a":0,"k":100},"r":1,"c":{"a":0,"k":[0.10588235294117647,0.2549019607843137,0.5803921568627451,1]}},{"ty":"tr","o":{"a":0,"k":100},"a":{"a":0,"k":[0,0]},"s":{"a":0,"k":[100,100]},"p":{"a":0,"k":[0,0]},"r":{"a":0,"k":0}}]},{"ty":"gr","nm":"Group 1 shape group","it":[{"ty":"sh","ks":{"a":0,"k":{"c":true,"v":[[809.083,39.599],[809.192,39.599],[811.15,151.87],[807.016,151.87]],"i":[[0,0],[0,0],[0,0],[0,0]],"o":[[0,0],[0,0],[0,0],[0,0]]}}},{"ty":"st","o":{"a":0,"k":0},"w":{"a":0,"k":0},"c":{"a":0,"k":[0,0,0,0]},"lc":3,"lj":1,"ml":1},{"ty":"fl","o":{"a":0,"k":100},"r":1,"c":{"a":0,"k":[0.10588235294117647,0.2549019607843137,0.5803921568627451,1]}},{"ty":"tr","o":{"a":0,"k":100},"a":{"a":0,"k":[0,0]},"s":{"a":0,"k":[100,100]},"p":{"a":0,"k":[0,0]},"r":{"a":0,"k":0}}]},{"ty":"gr","nm":"Group 1 shape group","it":[{"ty":"sh","ks":{"a":0,"k":{"c":true,"v":[[838.431,13.1501],[839.844,40.4384],[823.249,62.1465],[796.546,67.9401],[772.447,55.0609],[782.344,68.909],[797.14,77.3235],[814.102,78.75],[830.095,72.9248],[842.167,60.9242],[848.085,44.965],[846.758,27.9953]],"i":[[3.81899999999996,4.286399999999999],[2.7819999999999254,-8.975800000000003],[7.932000000000016,-5.038000000000004],[9.305999999999926,1.2980000000000018],[6.25,7.016100000000002],[-4.26400000000001,-3.8441000000000116],[-5.484000000000037,-1.6991999999999905],[-5.691000000000031,0.7595000000000027],[-4.846000000000004,3.0779999999999887],[-3.1070000000000846,4.8279],[-0.7930000000000064,5.685799999999993],[1.6669999999999163,5.493499999999997]],"o":[[3.6929999999999836,8.640300000000002],[-2.7810000000000628,8.975699999999996],[-7.932000000000016,5.0381],[-9.307000000000016,-1.2981000000000051],[2.255999999999972,5.278800000000004],[4.263999999999896,3.8440999999999974],[5.484000000000037,1.699300000000008],[5.690000000000055,-0.7595000000000027],[4.846000000000004,-3.078000000000003],[3.1059999999999945,-4.8279],[0.7930000000000064,-5.685900000000004],[-1.66700000000003,-5.493500000000001]]}}},{"ty":"st","o":{"a":0,"k":0},"w":{"a":0,"k":0},"c":{"a":0,"k":[0,0,0,0]},"lc":3,"lj":1,"ml":1},{"ty":"fl","o":{"a":0,"k":100},"r":1,"c":{"a":0,"k":[0,0,0,1]}},{"ty":"tr","o":{"a":0,"k":20},"a":{"a":0,"k":[0,0]},"s":{"a":0,"k":[100,100]},"p":{"a":0,"k":[0,0]},"r":{"a":0,"k":0}}]},{"ty":"gr","nm":"Group 1 shape group","it":[{"ty":"sh","ks":{"a":0,"k":{"c":true,"v":[[808.974,79.1986],[848.574,39.5993],[808.974,0],[769.375,39.5993]],"i":[[-21.870000000000005,0],[0,21.8701],[21.870000000000005,0],[0,-21.8701]],"o":[[21.870000000000005,0],[0,-21.8701],[-21.870000000000005,0],[0,21.8701]]}}},{"ty":"st","o":{"a":0,"k":0},"w":{"a":0,"k":0},"c":{"a":0,"k":[0,0,0,0]},"lc":3,"lj":1,"ml":1},{"ty":"fl","o":{"a":0,"k":100},"r":1,"c":{"a":0,"k":[0.3843137254901961,0.796078431372549,0.8745098039215686,1]}},{"ty":"tr","o":{"a":0,"k":100},"a":{"a":0,"k":[0,0]},"s":{"a":0,"k":[100,100]},"p":{"a":0,"k":[0,0]},"r":{"a":0,"k":0}}]},{"ty":"gr","nm":"Group 1 shape group","it":[{"ty":"sh","ks":{"a":0,"k":{"c":true,"v":[[737.229,118.255],[736.629,117.115],[732.324,119.382],[732.924,120.521]],"i":[[0,0],[0,0],[0,0],[0,0]],"o":[[0,0],[0,0],[0,0],[0,0]]}}},{"ty":"st","o":{"a":0,"k":0},"w":{"a":0,"k":0},"c":{"a":0,"k":[0,0,0,0]},"lc":3,"lj":1,"ml":1},{"ty":"fl","o":{"a":0,"k":100},"r":1,"c":{"a":0,"k":[0.10588235294117647,0.2549019607843137,0.5803921568627451,1]}},{"ty":"tr","o":{"a":0,"k":100},"a":{"a":0,"k":[0,0]},"s":{"a":0,"k":[100,100]},"p":{"a":0,"k":[0,0]},"r":{"a":0,"k":0}}]},{"ty":"gr","nm":"Group 1 shape group","it":[{"ty":"sh","ks":{"a":0,"k":{"c":true,"v":[[732.487,78.041],[732.559,78.041],[733.846,151.87],[731.128,151.87]],"i":[[0,0],[0,0],[0,0],[0,0]],"o":[[0,0],[0,0],[0,0],[0,0]]}}},{"ty":"st","o":{"a":0,"k":0},"w":{"a":0,"k":0},"c":{"a":0,"k":[0,0,0,0]},"lc":3,"lj":1,"ml":1},{"ty":"fl","o":{"a":0,"k":100},"r":1,"c":{"a":0,"k":[0.10588235294117647,0.2549019607843137,0.5803921568627451,1]}},{"ty":"tr","o":{"a":0,"k":100},"a":{"a":0,"k":[0,0]},"s":{"a":0,"k":[100,100]},"p":{"a":0,"k":[0,0]},"r":{"a":0,"k":0}}]},{"ty":"gr","nm":"Group 1 shape group","it":[{"ty":"sh","ks":{"a":0,"k":{"c":true,"v":[[751.786,60.6475],[752.716,78.5922],[741.803,92.8675],[724.243,96.6774],[708.395,88.2081],[714.903,97.3146],[724.633,102.848],[735.787,103.786],[746.305,99.9554],[754.243,92.0638],[758.135,81.569],[757.262,70.4097]],"i":[[2.5120000000000573,2.8186999999999998],[1.8289999999999509,-5.9024],[5.216000000000008,-3.3131000000000057],[6.1200000000000045,0.8534999999999968],[4.110000000000014,4.613799999999998],[-2.8029999999999973,-2.5279000000000025],[-3.6059999999999945,-1.1170000000000044],[-3.7420000000000755,0.5],[-3.186999999999898,2.0246000000000066],[-2.0430000000000064,3.1748000000000047],[-0.5209999999999582,3.7390000000000043],[1.0970000000000937,3.6126000000000005]],"o":[[2.4290000000000873,5.681800000000003],[-1.8290000000000646,5.902499999999989],[-5.216000000000008,3.312999999999988],[-6.1200000000000045,-0.8536000000000001],[1.4840000000000373,3.4714000000000027],[2.8039999999999736,2.5279000000000025],[3.6059999999999945,1.1170000000000044],[3.741999999999962,-0.4989999999999952],[3.187000000000012,-2.0241000000000042],[2.0429999999998927,-3.1748000000000047],[0.5209999999999582,-3.7391000000000076],[-1.09599999999989,-3.612499999999997]]}}},{"ty":"st","o":{"a":0,"k":0},"w":{"a":0,"k":0},"c":{"a":0,"k":[0,0,0,0]},"lc":3,"lj":1,"ml":1},{"ty":"fl","o":{"a":0,"k":100},"r":1,"c":{"a":0,"k":[0,0,0,1]}},{"ty":"tr","o":{"a":0,"k":20},"a":{"a":0,"k":[0,0]},"s":{"a":0,"k":[100,100]},"p":{"a":0,"k":[0,0]},"r":{"a":0,"k":0}}]},{"ty":"gr","nm":"Group 1 shape group","it":[{"ty":"sh","ks":{"a":0,"k":{"c":true,"v":[[732.416,104.081],[758.456,78.0406],[732.416,52],[706.375,78.0406]],"i":[[-14.382000000000062,0],[0,14.381799999999998],[14.380999999999972,0],[0,-14.381899999999995]],"o":[[14.380999999999972,0],[0,-14.381899999999995],[-14.382000000000062,0],[0,14.381799999999998]]}}},{"ty":"st","o":{"a":0,"k":0},"w":{"a":0,"k":0},"c":{"a":0,"k":[0,0,0,0]},"lc":3,"lj":1,"ml":1},{"ty":"fl","o":{"a":0,"k":100},"r":1,"c":{"a":0,"k":[0.3843137254901961,0.796078431372549,0.8745098039215686,1]}},{"ty":"tr","o":{"a":0,"k":100},"a":{"a":0,"k":[0,0]},"s":{"a":0,"k":[100,100]},"p":{"a":0,"k":[0,0]},"r":{"a":0,"k":0}}]},{"ty":"gr","nm":"Group 1 shape group","it":[{"ty":"sh","ks":{"a":0,"k":{"c":true,"v":[[888,149.792],[0,149.792],[0,152.033],[888,152.033]],"i":[[0,0],[0,0],[0,0],[0,0]],"o":[[0,0],[0,0],[0,0],[0,0]]}}},{"ty":"st","o":{"a":0,"k":0},"w":{"a":0,"k":0},"c":{"a":0,"k":[0,0,0,0]},"lc":3,"lj":1,"ml":1},{"ty":"fl","o":{"a":0,"k":100},"r":1,"c":{"a":0,"k":[0.10588235294117647,0.2549019607843137,0.5803921568627451,1]}},{"ty":"tr","o":{"a":0,"k":100},"a":{"a":0,"k":[0,0]},"s":{"a":0,"k":[100,100]},"p":{"a":0,"k":[0,0]},"r":{"a":0,"k":0}}]}],"op":120},{"ty":4,"nm":"building","ip":0,"st":0,"ind":0,"hix":1,"ks":{"o":{"a":0,"k":100},"or":{"a":0,"k":[0,0,0]},"a":{"a":0,"k":[271.5,218.5,0]},"p":{"s":true,"x":{"a":0,"k":386.4439814453125},"y":{"a":0,"k":213.84149466357383}},"rx":{"a":0,"k":0},"ry":{"a":0,"k":0},"rz":{"a":0,"k":0},"s":{"a":0,"k":[91.9,74.5]}},"shapes":[{"ty":"gr","nm":"building shape group","it":[{"ty":"sh","ks":{"a":0,"k":{"c":true,"v":[[503,178],[495,178],[495,198.151],[503,198.151]],"i":[[0,0],[0,0],[0,0],[0,0]],"o":[[0,0],[0,0],[0,0],[0,0]]}}},{"ty":"st","o":{"a":0,"k":0},"w":{"a":0,"k":0},"c":{"a":0,"k":[0,0,0,0]},"lc":3,"lj":1,"ml":1},{"ty":"fl","o":{"a":0,"k":100},"r":1,"c":{"a":0,"k":[0.10588235294117647,0.2549019607843137,0.5803921568627451,1]}},{"ty":"tr","o":{"a":0,"k":100},"a":{"a":0,"k":[0,0]},"s":{"a":0,"k":[100,100]},"p":{"a":0,"k":[0,0]},"r":{"a":0,"k":0}}]},{"ty":"gr","nm":"building shape group","it":[{"ty":"sh","ks":{"a":0,"k":{"c":true,"v":[[477,354],[459,354],[459,372],[477,372]],"i":[[0,0],[0,0],[0,0],[0,0]],"o":[[0,0],[0,0],[0,0],[0,0]]}}},{"ty":"st","o":{"a":0,"k":0},"w":{"a":0,"k":0},"c":{"a":0,"k":[0,0,0,0]},"lc":3,"lj":1,"ml":1},{"ty":"fl","o":{"a":0,"k":100},"r":1,"c":{"a":0,"k":[1,1,1,1]}},{"ty":"tr","o":{"a":0,"k":100},"a":{"a":0,"k":[0,0]},"s":{"a":0,"k":[100,100]},"p":{"a":0,"k":[0,0]},"r":{"a":0,"k":0}}]},{"ty":"gr","nm":"building shape group","it":[{"ty":"sh","ks":{"a":0,"k":{"c":true,"v":[[448,402],[430,402],[430,436],[448,436]],"i":[[0,0],[0,0],[0,0],[0,0]],"o":[[0,0],[0,0],[0,0],[0,0]]}}},{"ty":"st","o":{"a":0,"k":0},"w":{"a":0,"k":0},"c":{"a":0,"k":[0,0,0,0]},"lc":3,"lj":1,"ml":1},{"ty":"fl","o":{"a":0,"k":100},"r":1,"c":{"a":0,"k":[1,1,1,1]}},{"ty":"tr","o":{"a":0,"k":100},"a":{"a":0,"k":[0,0]},"s":{"a":0,"k":[100,100]},"p":{"a":0,"k":[0,0]},"r":{"a":0,"k":0}}]},{"ty":"gr","nm":"building shape group","it":[{"ty":"sh","ks":{"a":0,"k":{"c":true,"v":[[448,354],[430,354],[430,372],[448,372]],"i":[[0,0],[0,0],[0,0],[0,0]],"o":[[0,0],[0,0],[0,0],[0,0]]}}},{"ty":"st","o":{"a":0,"k":0},"w":{"a":0,"k":0},"c":{"a":0,"k":[0,0,0,0]},"lc":3,"lj":1,"ml":1},{"ty":"fl","o":{"a":0,"k":100},"r":1,"c":{"a":0,"k":[1,1,1,1]}},{"ty":"tr","o":{"a":0,"k":100},"a":{"a":0,"k":[0,0]},"s":{"a":0,"k":[100,100]},"p":{"a":0,"k":[0,0]},"r":{"a":0,"k":0}}]},{"ty":"gr","nm":"building shape group","it":[{"ty":"sh","ks":{"a":0,"k":{"c":true,"v":[[419,354],[401,354],[401,372],[419,372]],"i":[[0,0],[0,0],[0,0],[0,0]],"o":[[0,0],[0,0],[0,0],[0,0]]}}},{"ty":"st","o":{"a":0,"k":0},"w":{"a":0,"k":0},"c":{"a":0,"k":[0,0,0,0]},"lc":3,"lj":1,"ml":1},{"ty":"fl","o":{"a":0,"k":100},"r":1,"c":{"a":0,"k":[1,1,1,1]}},{"ty":"tr","o":{"a":0,"k":100},"a":{"a":0,"k":[0,0]},"s":{"a":0,"k":[100,100]},"p":{"a":0,"k":[0,0]},"r":{"a":0,"k":0}}]},{"ty":"gr","nm":"building shape group","it":[{"ty":"sh","ks":{"a":0,"k":{"c":true,"v":[[476.5,313],[458.5,313],[458.5,331],[476.5,331]],"i":[[0,0],[0,0],[0,0],[0,0]],"o":[[0,0],[0,0],[0,0],[0,0]]}}},{"ty":"st","o":{"a":0,"k":0},"w":{"a":0,"k":0},"c":{"a":0,"k":[0,0,0,0]},"lc":3,"lj":1,"ml":1},{"ty":"fl","o":{"a":0,"k":100},"r":1,"c":{"a":0,"k":[1,1,1,1]}},{"ty":"tr","o":{"a":0,"k":100},"a":{"a":0,"k":[0,0]},"s":{"a":0,"k":[100,100]},"p":{"a":0,"k":[0,0]},"r":{"a":0,"k":0}}]},{"ty":"gr","nm":"building shape group","it":[{"ty":"sh","ks":{"a":0,"k":{"c":true,"v":[[447.5,313],[429.5,313],[429.5,331],[447.5,331]],"i":[[0,0],[0,0],[0,0],[0,0]],"o":[[0,0],[0,0],[0,0],[0,0]]}}},{"ty":"st","o":{"a":0,"k":0},"w":{"a":0,"k":0},"c":{"a":0,"k":[0,0,0,0]},"lc":3,"lj":1,"ml":1},{"ty":"fl","o":{"a":0,"k":100},"r":1,"c":{"a":0,"k":[1,1,1,1]}},{"ty":"tr","o":{"a":0,"k":100},"a":{"a":0,"k":[0,0]},"s":{"a":0,"k":[100,100]},"p":{"a":0,"k":[0,0]},"r":{"a":0,"k":0}}]},{"ty":"gr","nm":"building shape group","it":[{"ty":"sh","ks":{"a":0,"k":{"c":true,"v":[[418.5,313],[400.5,313],[400.5,331],[418.5,331]],"i":[[0,0],[0,0],[0,0],[0,0]],"o":[[0,0],[0,0],[0,0],[0,0]]}}},{"ty":"st","o":{"a":0,"k":0},"w":{"a":0,"k":0},"c":{"a":0,"k":[0,0,0,0]},"lc":3,"lj":1,"ml":1},{"ty":"fl","o":{"a":0,"k":100},"r":1,"c":{"a":0,"k":[1,1,1,1]}},{"ty":"tr","o":{"a":0,"k":100},"a":{"a":0,"k":[0,0]},"s":{"a":0,"k":[100,100]},"p":{"a":0,"k":[0,0]},"r":{"a":0,"k":0}}]},{"ty":"gr","nm":"building shape group","it":[{"ty":"sh","ks":{"a":0,"k":{"c":true,"v":[[476,272],[458,272],[458,290],[476,290]],"i":[[0,0],[0,0],[0,0],[0,0]],"o":[[0,0],[0,0],[0,0],[0,0]]}}},{"ty":"st","o":{"a":0,"k":0},"w":{"a":0,"k":0},"c":{"a":0,"k":[0,0,0,0]},"lc":3,"lj":1,"ml":1},{"ty":"fl","o":{"a":0,"k":100},"r":1,"c":{"a":0,"k":[1,1,1,1]}},{"ty":"tr","o":{"a":0,"k":100},"a":{"a":0,"k":[0,0]},"s":{"a":0,"k":[100,100]},"p":{"a":0,"k":[0,0]},"r":{"a":0,"k":0}}]},{"ty":"gr","nm":"building shape group","it":[{"ty":"sh","ks":{"a":0,"k":{"c":true,"v":[[447,272],[429,272],[429,290],[447,290]],"i":[[0,0],[0,0],[0,0],[0,0]],"o":[[0,0],[0,0],[0,0],[0,0]]}}},{"ty":"st","o":{"a":0,"k":0},"w":{"a":0,"k":0},"c":{"a":0,"k":[0,0,0,0]},"lc":3,"lj":1,"ml":1},{"ty":"fl","o":{"a":0,"k":100},"r":1,"c":{"a":0,"k":[1,1,1,1]}},{"ty":"tr","o":{"a":0,"k":100},"a":{"a":0,"k":[0,0]},"s":{"a":0,"k":[100,100]},"p":{"a":0,"k":[0,0]},"r":{"a":0,"k":0}}]},{"ty":"gr","nm":"building shape group","it":[{"ty":"sh","ks":{"a":0,"k":{"c":true,"v":[[418,272],[400,272],[400,290],[418,290]],"i":[[0,0],[0,0],[0,0],[0,0]],"o":[[0,0],[0,0],[0,0],[0,0]]}}},{"ty":"st","o":{"a":0,"k":0},"w":{"a":0,"k":0},"c":{"a":0,"k":[0,0,0,0]},"lc":3,"lj":1,"ml":1},{"ty":"fl","o":{"a":0,"k":100},"r":1,"c":{"a":0,"k":[1,1,1,1]}},{"ty":"tr","o":{"a":0,"k":100},"a":{"a":0,"k":[0,0]},"s":{"a":0,"k":[100,100]},"p":{"a":0,"k":[0,0]},"r":{"a":0,"k":0}}]},{"ty":"gr","nm":"building shape group","it":[{"ty":"sh","ks":{"a":0,"k":{"c":true,"v":[[475.5,231],[457.5,231],[457.5,249],[475.5,249]],"i":[[0,0],[0,0],[0,0],[0,0]],"o":[[0,0],[0,0],[0,0],[0,0]]}}},{"ty":"st","o":{"a":0,"k":0},"w":{"a":0,"k":0},"c":{"a":0,"k":[0,0,0,0]},"lc":3,"lj":1,"ml":1},{"ty":"fl","o":{"a":0,"k":100},"r":1,"c":{"a":0,"k":[1,1,1,1]}},{"ty":"tr","o":{"a":0,"k":100},"a":{"a":0,"k":[0,0]},"s":{"a":0,"k":[100,100]},"p":{"a":0,"k":[0,0]},"r":{"a":0,"k":0}}]},{"ty":"gr","nm":"building shape group","it":[{"ty":"sh","ks":{"a":0,"k":{"c":true,"v":[[446.5,231],[428.5,231],[428.5,249],[446.5,249]],"i":[[0,0],[0,0],[0,0],[0,0]],"o":[[0,0],[0,0],[0,0],[0,0]]}}},{"ty":"st","o":{"a":0,"k":0},"w":{"a":0,"k":0},"c":{"a":0,"k":[0,0,0,0]},"lc":3,"lj":1,"ml":1},{"ty":"fl","o":{"a":0,"k":100},"r":1,"c":{"a":0,"k":[1,1,1,1]}},{"ty":"tr","o":{"a":0,"k":100},"a":{"a":0,"k":[0,0]},"s":{"a":0,"k":[100,100]},"p":{"a":0,"k":[0,0]},"r":{"a":0,"k":0}}]},{"ty":"gr","nm":"building shape group","it":[{"ty":"sh","ks":{"a":0,"k":{"c":true,"v":[[417.5,231],[399.5,231],[399.5,249],[417.5,249]],"i":[[0,0],[0,0],[0,0],[0,0]],"o":[[0,0],[0,0],[0,0],[0,0]]}}},{"ty":"st","o":{"a":0,"k":0},"w":{"a":0,"k":0},"c":{"a":0,"k":[0,0,0,0]},"lc":3,"lj":1,"ml":1},{"ty":"fl","o":{"a":0,"k":100},"r":1,"c":{"a":0,"k":[1,1,1,1]}},{"ty":"tr","o":{"a":0,"k":100},"a":{"a":0,"k":[0,0]},"s":{"a":0,"k":[100,100]},"p":{"a":0,"k":[0,0]},"r":{"a":0,"k":0}}]},{"ty":"gr","nm":"building shape group","it":[{"ty":"sh","ks":{"a":0,"k":{"c":true,"v":[[543,196.966],[495,196.966],[495,437],[543,437]],"i":[[0,0],[0,0],[0,0],[0,0]],"o":[[0,0],[0,0],[0,0],[0,0]]}}},{"ty":"st","o":{"a":0,"k":0},"w":{"a":0,"k":0},"c":{"a":0,"k":[0,0,0,0]},"lc":3,"lj":1,"ml":1},{"ty":"fl","o":{"a":0,"k":100},"r":1,"c":{"a":0,"k":[0.10588235294117647,0.2549019607843137,0.5803921568627451,1]}},{"ty":"tr","o":{"a":0,"k":100},"a":{"a":0,"k":[0,0]},"s":{"a":0,"k":[100,100]},"p":{"a":0,"k":[0,0]},"r":{"a":0,"k":0}}]},{"ty":"gr","nm":"building shape group","it":[{"ty":"sh","ks":{"a":0,"k":{"c":true,"v":[[353,0],[345,0],[345,34],[353,34]],"i":[[0,0],[0,0],[0,0],[0,0]],"o":[[0,0],[0,0],[0,0],[0,0]]}}},{"ty":"st","o":{"a":0,"k":0},"w":{"a":0,"k":0},"c":{"a":0,"k":[0,0,0,0]},"lc":3,"lj":1,"ml":1},{"ty":"fl","o":{"a":0,"k":100},"r":1,"c":{"a":0,"k":[0.10588235294117647,0.2549019607843137,0.5803921568627451,1]}},{"ty":"tr","o":{"a":0,"k":100},"a":{"a":0,"k":[0,0]},"s":{"a":0,"k":[100,100]},"p":{"a":0,"k":[0,0]},"r":{"a":0,"k":0}}]},{"ty":"gr","nm":"building shape group","it":[{"ty":"sh","ks":{"a":0,"k":{"c":true,"v":[[327,354],[309,354],[309,372],[327,372]],"i":[[0,0],[0,0],[0,0],[0,0]],"o":[[0,0],[0,0],[0,0],[0,0]]}}},{"ty":"st","o":{"a":0,"k":0},"w":{"a":0,"k":0},"c":{"a":0,"k":[0,0,0,0]},"lc":3,"lj":1,"ml":1},{"ty":"fl","o":{"a":0,"k":100},"r":1,"c":{"a":0,"k":[1,1,1,1]}},{"ty":"tr","o":{"a":0,"k":100},"a":{"a":0,"k":[0,0]},"s":{"a":0,"k":[100,100]},"p":{"a":0,"k":[0,0]},"r":{"a":0,"k":0}}]},{"ty":"gr","nm":"building shape group","it":[{"ty":"sh","ks":{"a":0,"k":{"c":true,"v":[[298,402],[280,402],[280,436],[298,436]],"i":[[0,0],[0,0],[0,0],[0,0]],"o":[[0,0],[0,0],[0,0],[0,0]]}}},{"ty":"st","o":{"a":0,"k":0},"w":{"a":0,"k":0},"c":{"a":0,"k":[0,0,0,0]},"lc":3,"lj":1,"ml":1},{"ty":"fl","o":{"a":0,"k":100},"r":1,"c":{"a":0,"k":[1,1,1,1]}},{"ty":"tr","o":{"a":0,"k":100},"a":{"a":0,"k":[0,0]},"s":{"a":0,"k":[100,100]},"p":{"a":0,"k":[0,0]},"r":{"a":0,"k":0}}]},{"ty":"gr","nm":"building shape group","it":[{"ty":"sh","ks":{"a":0,"k":{"c":true,"v":[[298,354],[280,354],[280,372],[298,372]],"i":[[0,0],[0,0],[0,0],[0,0]],"o":[[0,0],[0,0],[0,0],[0,0]]}}},{"ty":"st","o":{"a":0,"k":0},"w":{"a":0,"k":0},"c":{"a":0,"k":[0,0,0,0]},"lc":3,"lj":1,"ml":1},{"ty":"fl","o":{"a":0,"k":100},"r":1,"c":{"a":0,"k":[1,1,1,1]}},{"ty":"tr","o":{"a":0,"k":100},"a":{"a":0,"k":[0,0]},"s":{"a":0,"k":[100,100]},"p":{"a":0,"k":[0,0]},"r":{"a":0,"k":0}}]},{"ty":"gr","nm":"building shape group","it":[{"ty":"sh","ks":{"a":0,"k":{"c":true,"v":[[269,354],[251,354],[251,372],[269,372]],"i":[[0,0],[0,0],[0,0],[0,0]],"o":[[0,0],[0,0],[0,0],[0,0]]}}},{"ty":"st","o":{"a":0,"k":0},"w":{"a":0,"k":0},"c":{"a":0,"k":[0,0,0,0]},"lc":3,"lj":1,"ml":1},{"ty":"fl","o":{"a":0,"k":100},"r":1,"c":{"a":0,"k":[1,1,1,1]}},{"ty":"tr","o":{"a":0,"k":100},"a":{"a":0,"k":[0,0]},"s":{"a":0,"k":[100,100]},"p":{"a":0,"k":[0,0]},"r":{"a":0,"k":0}}]},{"ty":"gr","nm":"building shape group","it":[{"ty":"sh","ks":{"a":0,"k":{"c":true,"v":[[326.5,313],[308.5,313],[308.5,331],[326.5,331]],"i":[[0,0],[0,0],[0,0],[0,0]],"o":[[0,0],[0,0],[0,0],[0,0]]}}},{"ty":"st","o":{"a":0,"k":0},"w":{"a":0,"k":0},"c":{"a":0,"k":[0,0,0,0]},"lc":3,"lj":1,"ml":1},{"ty":"fl","o":{"a":0,"k":100},"r":1,"c":{"a":0,"k":[1,1,1,1]}},{"ty":"tr","o":{"a":0,"k":100},"a":{"a":0,"k":[0,0]},"s":{"a":0,"k":[100,100]},"p":{"a":0,"k":[0,0]},"r":{"a":0,"k":0}}]},{"ty":"gr","nm":"building shape group","it":[{"ty":"sh","ks":{"a":0,"k":{"c":true,"v":[[297.5,313],[279.5,313],[279.5,331],[297.5,331]],"i":[[0,0],[0,0],[0,0],[0,0]],"o":[[0,0],[0,0],[0,0],[0,0]]}}},{"ty":"st","o":{"a":0,"k":0},"w":{"a":0,"k":0},"c":{"a":0,"k":[0,0,0,0]},"lc":3,"lj":1,"ml":1},{"ty":"fl","o":{"a":0,"k":100},"r":1,"c":{"a":0,"k":[1,1,1,1]}},{"ty":"tr","o":{"a":0,"k":100},"a":{"a":0,"k":[0,0]},"s":{"a":0,"k":[100,100]},"p":{"a":0,"k":[0,0]},"r":{"a":0,"k":0}}]},{"ty":"gr","nm":"building shape group","it":[{"ty":"sh","ks":{"a":0,"k":{"c":true,"v":[[268.5,313],[250.5,313],[250.5,331],[268.5,331]],"i":[[0,0],[0,0],[0,0],[0,0]],"o":[[0,0],[0,0],[0,0],[0,0]]}}},{"ty":"st","o":{"a":0,"k":0},"w":{"a":0,"k":0},"c":{"a":0,"k":[0,0,0,0]},"lc":3,"lj":1,"ml":1},{"ty":"fl","o":{"a":0,"k":100},"r":1,"c":{"a":0,"k":[1,1,1,1]}},{"ty":"tr","o":{"a":0,"k":100},"a":{"a":0,"k":[0,0]},"s":{"a":0,"k":[100,100]},"p":{"a":0,"k":[0,0]},"r":{"a":0,"k":0}}]},{"ty":"gr","nm":"building shape group","it":[{"ty":"sh","ks":{"a":0,"k":{"c":true,"v":[[326,272],[308,272],[308,290],[326,290]],"i":[[0,0],[0,0],[0,0],[0,0]],"o":[[0,0],[0,0],[0,0],[0,0]]}}},{"ty":"st","o":{"a":0,"k":0},"w":{"a":0,"k":0},"c":{"a":0,"k":[0,0,0,0]},"lc":3,"lj":1,"ml":1},{"ty":"fl","o":{"a":0,"k":100},"r":1,"c":{"a":0,"k":[1,1,1,1]}},{"ty":"tr","o":{"a":0,"k":100},"a":{"a":0,"k":[0,0]},"s":{"a":0,"k":[100,100]},"p":{"a":0,"k":[0,0]},"r":{"a":0,"k":0}}]},{"ty":"gr","nm":"building shape group","it":[{"ty":"sh","ks":{"a":0,"k":{"c":true,"v":[[297,272],[279,272],[279,290],[297,290]],"i":[[0,0],[0,0],[0,0],[0,0]],"o":[[0,0],[0,0],[0,0],[0,0]]}}},{"ty":"st","o":{"a":0,"k":0},"w":{"a":0,"k":0},"c":{"a":0,"k":[0,0,0,0]},"lc":3,"lj":1,"ml":1},{"ty":"fl","o":{"a":0,"k":100},"r":1,"c":{"a":0,"k":[1,1,1,1]}},{"ty":"tr","o":{"a":0,"k":100},"a":{"a":0,"k":[0,0]},"s":{"a":0,"k":[100,100]},"p":{"a":0,"k":[0,0]},"r":{"a":0,"k":0}}]},{"ty":"gr","nm":"building shape group","it":[{"ty":"sh","ks":{"a":0,"k":{"c":true,"v":[[268,272],[250,272],[250,290],[268,290]],"i":[[0,0],[0,0],[0,0],[0,0]],"o":[[0,0],[0,0],[0,0],[0,0]]}}},{"ty":"st","o":{"a":0,"k":0},"w":{"a":0,"k":0},"c":{"a":0,"k":[0,0,0,0]},"lc":3,"lj":1,"ml":1},{"ty":"fl","o":{"a":0,"k":100},"r":1,"c":{"a":0,"k":[1,1,1,1]}},{"ty":"tr","o":{"a":0,"k":100},"a":{"a":0,"k":[0,0]},"s":{"a":0,"k":[100,100]},"p":{"a":0,"k":[0,0]},"r":{"a":0,"k":0}}]},{"ty":"gr","nm":"building shape group","it":[{"ty":"sh","ks":{"a":0,"k":{"c":true,"v":[[325.5,231],[307.5,231],[307.5,249],[325.5,249]],"i":[[0,0],[0,0],[0,0],[0,0]],"o":[[0,0],[0,0],[0,0],[0,0]]}}},{"ty":"st","o":{"a":0,"k":0},"w":{"a":0,"k":0},"c":{"a":0,"k":[0,0,0,0]},"lc":3,"lj":1,"ml":1},{"ty":"fl","o":{"a":0,"k":100},"r":1,"c":{"a":0,"k":[1,1,1,1]}},{"ty":"tr","o":{"a":0,"k":100},"a":{"a":0,"k":[0,0]},"s":{"a":0,"k":[100,100]},"p":{"a":0,"k":[0,0]},"r":{"a":0,"k":0}}]},{"ty":"gr","nm":"building shape group","it":[{"ty":"sh","ks":{"a":0,"k":{"c":true,"v":[[296.5,231],[278.5,231],[278.5,249],[296.5,249]],"i":[[0,0],[0,0],[0,0],[0,0]],"o":[[0,0],[0,0],[0,0],[0,0]]}}},{"ty":"st","o":{"a":0,"k":0},"w":{"a":0,"k":0},"c":{"a":0,"k":[0,0,0,0]},"lc":3,"lj":1,"ml":1},{"ty":"fl","o":{"a":0,"k":100},"r":1,"c":{"a":0,"k":[1,1,1,1]}},{"ty":"tr","o":{"a":0,"k":100},"a":{"a":0,"k":[0,0]},"s":{"a":0,"k":[100,100]},"p":{"a":0,"k":[0,0]},"r":{"a":0,"k":0}}]},{"ty":"gr","nm":"building shape group","it":[{"ty":"sh","ks":{"a":0,"k":{"c":true,"v":[[267.5,231],[249.5,231],[249.5,249],[267.5,249]],"i":[[0,0],[0,0],[0,0],[0,0]],"o":[[0,0],[0,0],[0,0],[0,0]]}}},{"ty":"st","o":{"a":0,"k":0},"w":{"a":0,"k":0},"c":{"a":0,"k":[0,0,0,0]},"lc":3,"lj":1,"ml":1},{"ty":"fl","o":{"a":0,"k":100},"r":1,"c":{"a":0,"k":[1,1,1,1]}},{"ty":"tr","o":{"a":0,"k":100},"a":{"a":0,"k":[0,0]},"s":{"a":0,"k":[100,100]},"p":{"a":0,"k":[0,0]},"r":{"a":0,"k":0}}]},{"ty":"gr","nm":"building shape group","it":[{"ty":"sh","ks":{"a":0,"k":{"c":true,"v":[[325,190],[307,190],[307,208],[325,208]],"i":[[0,0],[0,0],[0,0],[0,0]],"o":[[0,0],[0,0],[0,0],[0,0]]}}},{"ty":"st","o":{"a":0,"k":0},"w":{"a":0,"k":0},"c":{"a":0,"k":[0,0,0,0]},"lc":3,"lj":1,"ml":1},{"ty":"fl","o":{"a":0,"k":100},"r":1,"c":{"a":0,"k":[1,1,1,1]}},{"ty":"tr","o":{"a":0,"k":100},"a":{"a":0,"k":[0,0]},"s":{"a":0,"k":[100,100]},"p":{"a":0,"k":[0,0]},"r":{"a":0,"k":0}}]},{"ty":"gr","nm":"building shape group","it":[{"ty":"sh","ks":{"a":0,"k":{"c":true,"v":[[296,190],[278,190],[278,208],[296,208]],"i":[[0,0],[0,0],[0,0],[0,0]],"o":[[0,0],[0,0],[0,0],[0,0]]}}},{"ty":"st","o":{"a":0,"k":0},"w":{"a":0,"k":0},"c":{"a":0,"k":[0,0,0,0]},"lc":3,"lj":1,"ml":1},{"ty":"fl","o":{"a":0,"k":100},"r":1,"c":{"a":0,"k":[1,1,1,1]}},{"ty":"tr","o":{"a":0,"k":100},"a":{"a":0,"k":[0,0]},"s":{"a":0,"k":[100,100]},"p":{"a":0,"k":[0,0]},"r":{"a":0,"k":0}}]},{"ty":"gr","nm":"building shape group","it":[{"ty":"sh","ks":{"a":0,"k":{"c":true,"v":[[267,190],[249,190],[249,208],[267,208]],"i":[[0,0],[0,0],[0,0],[0,0]],"o":[[0,0],[0,0],[0,0],[0,0]]}}},{"ty":"st","o":{"a":0,"k":0},"w":{"a":0,"k":0},"c":{"a":0,"k":[0,0,0,0]},"lc":3,"lj":1,"ml":1},{"ty":"fl","o":{"a":0,"k":100},"r":1,"c":{"a":0,"k":[1,1,1,1]}},{"ty":"tr","o":{"a":0,"k":100},"a":{"a":0,"k":[0,0]},"s":{"a":0,"k":[100,100]},"p":{"a":0,"k":[0,0]},"r":{"a":0,"k":0}}]},{"ty":"gr","nm":"building shape group","it":[{"ty":"sh","ks":{"a":0,"k":{"c":true,"v":[[324.5,149],[306.5,149],[306.5,167],[324.5,167]],"i":[[0,0],[0,0],[0,0],[0,0]],"o":[[0,0],[0,0],[0,0],[0,0]]}}},{"ty":"st","o":{"a":0,"k":0},"w":{"a":0,"k":0},"c":{"a":0,"k":[0,0,0,0]},"lc":3,"lj":1,"ml":1},{"ty":"fl","o":{"a":0,"k":100},"r":1,"c":{"a":0,"k":[1,1,1,1]}},{"ty":"tr","o":{"a":0,"k":100},"a":{"a":0,"k":[0,0]},"s":{"a":0,"k":[100,100]},"p":{"a":0,"k":[0,0]},"r":{"a":0,"k":0}}]},{"ty":"gr","nm":"building shape group","it":[{"ty":"sh","ks":{"a":0,"k":{"c":true,"v":[[295.5,149],[277.5,149],[277.5,167],[295.5,167]],"i":[[0,0],[0,0],[0,0],[0,0]],"o":[[0,0],[0,0],[0,0],[0,0]]}}},{"ty":"st","o":{"a":0,"k":0},"w":{"a":0,"k":0},"c":{"a":0,"k":[0,0,0,0]},"lc":3,"lj":1,"ml":1},{"ty":"fl","o":{"a":0,"k":100},"r":1,"c":{"a":0,"k":[1,1,1,1]}},{"ty":"tr","o":{"a":0,"k":100},"a":{"a":0,"k":[0,0]},"s":{"a":0,"k":[100,100]},"p":{"a":0,"k":[0,0]},"r":{"a":0,"k":0}}]},{"ty":"gr","nm":"building shape group","it":[{"ty":"sh","ks":{"a":0,"k":{"c":true,"v":[[266.5,149],[248.5,149],[248.5,167],[266.5,167]],"i":[[0,0],[0,0],[0,0],[0,0]],"o":[[0,0],[0,0],[0,0],[0,0]]}}},{"ty":"st","o":{"a":0,"k":0},"w":{"a":0,"k":0},"c":{"a":0,"k":[0,0,0,0]},"lc":3,"lj":1,"ml":1},{"ty":"fl","o":{"a":0,"k":100},"r":1,"c":{"a":0,"k":[1,1,1,1]}},{"ty":"tr","o":{"a":0,"k":100},"a":{"a":0,"k":[0,0]},"s":{"a":0,"k":[100,100]},"p":{"a":0,"k":[0,0]},"r":{"a":0,"k":0}}]},{"ty":"gr","nm":"building shape group","it":[{"ty":"sh","ks":{"a":0,"k":{"c":true,"v":[[324,108],[306,108],[306,126],[324,126]],"i":[[0,0],[0,0],[0,0],[0,0]],"o":[[0,0],[0,0],[0,0],[0,0]]}}},{"ty":"st","o":{"a":0,"k":0},"w":{"a":0,"k":0},"c":{"a":0,"k":[0,0,0,0]},"lc":3,"lj":1,"ml":1},{"ty":"fl","o":{"a":0,"k":100},"r":1,"c":{"a":0,"k":[1,1,1,1]}},{"ty":"tr","o":{"a":0,"k":100},"a":{"a":0,"k":[0,0]},"s":{"a":0,"k":[100,100]},"p":{"a":0,"k":[0,0]},"r":{"a":0,"k":0}}]},{"ty":"gr","nm":"building shape group","it":[{"ty":"sh","ks":{"a":0,"k":{"c":true,"v":[[295,108],[277,108],[277,126],[295,126]],"i":[[0,0],[0,0],[0,0],[0,0]],"o":[[0,0],[0,0],[0,0],[0,0]]}}},{"ty":"st","o":{"a":0,"k":0},"w":{"a":0,"k":0},"c":{"a":0,"k":[0,0,0,0]},"lc":3,"lj":1,"ml":1},{"ty":"fl","o":{"a":0,"k":100},"r":1,"c":{"a":0,"k":[1,1,1,1]}},{"ty":"tr","o":{"a":0,"k":100},"a":{"a":0,"k":[0,0]},"s":{"a":0,"k":[100,100]},"p":{"a":0,"k":[0,0]},"r":{"a":0,"k":0}}]},{"ty":"gr","nm":"building shape group","it":[{"ty":"sh","ks":{"a":0,"k":{"c":true,"v":[[266,108],[248,108],[248,126],[266,126]],"i":[[0,0],[0,0],[0,0],[0,0]],"o":[[0,0],[0,0],[0,0],[0,0]]}}},{"ty":"st","o":{"a":0,"k":0},"w":{"a":0,"k":0},"c":{"a":0,"k":[0,0,0,0]},"lc":3,"lj":1,"ml":1},{"ty":"fl","o":{"a":0,"k":100},"r":1,"c":{"a":0,"k":[1,1,1,1]}},{"ty":"tr","o":{"a":0,"k":100},"a":{"a":0,"k":[0,0]},"s":{"a":0,"k":[100,100]},"p":{"a":0,"k":[0,0]},"r":{"a":0,"k":0}}]},{"ty":"gr","nm":"building shape group","it":[{"ty":"sh","ks":{"a":0,"k":{"c":true,"v":[[323.5,67],[305.5,67],[305.5,85],[323.5,85]],"i":[[0,0],[0,0],[0,0],[0,0]],"o":[[0,0],[0,0],[0,0],[0,0]]}}},{"ty":"st","o":{"a":0,"k":0},"w":{"a":0,"k":0},"c":{"a":0,"k":[0,0,0,0]},"lc":3,"lj":1,"ml":1},{"ty":"fl","o":{"a":0,"k":100},"r":1,"c":{"a":0,"k":[1,1,1,1]}},{"ty":"tr","o":{"a":0,"k":100},"a":{"a":0,"k":[0,0]},"s":{"a":0,"k":[100,100]},"p":{"a":0,"k":[0,0]},"r":{"a":0,"k":0}}]},{"ty":"gr","nm":"building shape group","it":[{"ty":"sh","ks":{"a":0,"k":{"c":true,"v":[[294.5,67],[276.5,67],[276.5,85],[294.5,85]],"i":[[0,0],[0,0],[0,0],[0,0]],"o":[[0,0],[0,0],[0,0],[0,0]]}}},{"ty":"st","o":{"a":0,"k":0},"w":{"a":0,"k":0},"c":{"a":0,"k":[0,0,0,0]},"lc":3,"lj":1,"ml":1},{"ty":"fl","o":{"a":0,"k":100},"r":1,"c":{"a":0,"k":[1,1,1,1]}},{"ty":"tr","o":{"a":0,"k":100},"a":{"a":0,"k":[0,0]},"s":{"a":0,"k":[100,100]},"p":{"a":0,"k":[0,0]},"r":{"a":0,"k":0}}]},{"ty":"gr","nm":"building shape group","it":[{"ty":"sh","ks":{"a":0,"k":{"c":true,"v":[[265.5,67],[247.5,67],[247.5,85],[265.5,85]],"i":[[0,0],[0,0],[0,0],[0,0]],"o":[[0,0],[0,0],[0,0],[0,0]]}}},{"ty":"st","o":{"a":0,"k":0},"w":{"a":0,"k":0},"c":{"a":0,"k":[0,0,0,0]},"lc":3,"lj":1,"ml":1},{"ty":"fl","o":{"a":0,"k":100},"r":1,"c":{"a":0,"k":[1,1,1,1]}},{"ty":"tr","o":{"a":0,"k":100},"a":{"a":0,"k":[0,0]},"s":{"a":0,"k":[100,100]},"p":{"a":0,"k":[0,0]},"r":{"a":0,"k":0}}]},{"ty":"gr","nm":"building shape group","it":[{"ty":"sh","ks":{"a":0,"k":{"c":true,"v":[[393,32],[345,32],[345,437],[393,437]],"i":[[0,0],[0,0],[0,0],[0,0]],"o":[[0,0],[0,0],[0,0],[0,0]]}}},{"ty":"st","o":{"a":0,"k":0},"w":{"a":0,"k":0},"c":{"a":0,"k":[0,0,0,0]},"lc":3,"lj":1,"ml":1},{"ty":"fl","o":{"a":0,"k":100},"r":1,"c":{"a":0,"k":[0.10588235294117647,0.2549019607843137,0.5803921568627451,1]}},{"ty":"tr","o":{"a":0,"k":100},"a":{"a":0,"k":[0,0]},"s":{"a":0,"k":[100,100]},"p":{"a":0,"k":[0,0]},"r":{"a":0,"k":0}}]},{"ty":"gr","nm":"building shape group","it":[{"ty":"sh","ks":{"a":0,"k":{"c":true,"v":[[47.0769,349.767],[16.3694,349.767],[16.3694,381.165],[47.0769,381.165]],"i":[[0,0],[0,0],[0,0],[0,0]],"o":[[0,0],[0,0],[0,0],[0,0]]}}},{"ty":"st","o":{"a":0,"k":0},"w":{"a":0,"k":0},"c":{"a":0,"k":[0,0,0,0]},"lc":3,"lj":1,"ml":1},{"ty":"fl","o":{"a":0,"k":100},"r":1,"c":{"a":0,"k":[1,1,1,1]}},{"ty":"tr","o":{"a":0,"k":100},"a":{"a":0,"k":[0,0]},"s":{"a":0,"k":[100,100]},"p":{"a":0,"k":[0,0]},"r":{"a":0,"k":0}}]},{"ty":"gr","nm":"building shape group","it":[{"ty":"sh","ks":{"a":0,"k":{"c":true,"v":[[47.0769,307.044],[16.3694,307.044],[16.3694,338.442],[47.0769,338.442]],"i":[[0,0],[0,0],[0,0],[0,0]],"o":[[0,0],[0,0],[0,0],[0,0]]}}},{"ty":"st","o":{"a":0,"k":0},"w":{"a":0,"k":0},"c":{"a":0,"k":[0,0,0,0]},"lc":3,"lj":1,"ml":1},{"ty":"fl","o":{"a":0,"k":100},"r":1,"c":{"a":0,"k":[1,1,1,1]}},{"ty":"tr","o":{"a":0,"k":100},"a":{"a":0,"k":[0,0]},"s":{"a":0,"k":[100,100]},"p":{"a":0,"k":[0,0]},"r":{"a":0,"k":0}}]},{"ty":"gr","nm":"building shape group","it":[{"ty":"sh","ks":{"a":0,"k":{"c":true,"v":[[47.0769,349.767],[16.3694,349.767],[16.3694,381.165],[47.0769,381.165]],"i":[[0,0],[0,0],[0,0],[0,0]],"o":[[0,0],[0,0],[0,0],[0,0]]}}},{"ty":"st","o":{"a":0,"k":0},"w":{"a":0,"k":0},"c":{"a":0,"k":[0,0,0,0]},"lc":3,"lj":1,"ml":1},{"ty":"fl","o":{"a":0,"k":100},"r":1,"c":{"a":0,"k":[0.10588235294117647,0.2549019607843137,0.5803921568627451,1]}},{"ty":"tr","o":{"a":0,"k":100},"a":{"a":0,"k":[0,0]},"s":{"a":0,"k":[100,100]},"p":{"a":0,"k":[0,0]},"r":{"a":0,"k":0}}]},{"ty":"gr","nm":"building shape group","it":[{"ty":"sh","ks":{"a":0,"k":{"c":true,"v":[[47.0769,307.044],[16.3694,307.044],[16.3694,338.442],[47.0769,338.442]],"i":[[0,0],[0,0],[0,0],[0,0]],"o":[[0,0],[0,0],[0,0],[0,0]]}}},{"ty":"st","o":{"a":0,"k":0},"w":{"a":0,"k":0},"c":{"a":0,"k":[0,0,0,0]},"lc":3,"lj":1,"ml":1},{"ty":"fl","o":{"a":0,"k":100},"r":1,"c":{"a":0,"k":[0.10588235294117647,0.2549019607843137,0.5803921568627451,1]}},{"ty":"tr","o":{"a":0,"k":100},"a":{"a":0,"k":[0,0]},"s":{"a":0,"k":[100,100]},"p":{"a":0,"k":[0,0]},"r":{"a":0,"k":0}}]},{"ty":"gr","nm":"building shape group","it":[{"ty":"sh","ks":{"a":0,"k":{"c":true,"v":[[89.5453,349.767],[58.8378,349.767],[58.8378,381.165],[89.5453,381.165]],"i":[[0,0],[0,0],[0,0],[0,0]],"o":[[0,0],[0,0],[0,0],[0,0]]}}},{"ty":"st","o":{"a":0,"k":0},"w":{"a":0,"k":0},"c":{"a":0,"k":[0,0,0,0]},"lc":3,"lj":1,"ml":1},{"ty":"fl","o":{"a":0,"k":100},"r":1,"c":{"a":0,"k":[1,1,1,1]}},{"ty":"tr","o":{"a":0,"k":100},"a":{"a":0,"k":[0,0]},"s":{"a":0,"k":[100,100]},"p":{"a":0,"k":[0,0]},"r":{"a":0,"k":0}}]},{"ty":"gr","nm":"building shape group","it":[{"ty":"sh","ks":{"a":0,"k":{"c":true,"v":[[89.5453,307.044],[58.8378,307.044],[58.8378,338.442],[89.5453,338.442]],"i":[[0,0],[0,0],[0,0],[0,0]],"o":[[0,0],[0,0],[0,0],[0,0]]}}},{"ty":"st","o":{"a":0,"k":0},"w":{"a":0,"k":0},"c":{"a":0,"k":[0,0,0,0]},"lc":3,"lj":1,"ml":1},{"ty":"fl","o":{"a":0,"k":100},"r":1,"c":{"a":0,"k":[1,1,1,1]}},{"ty":"tr","o":{"a":0,"k":100},"a":{"a":0,"k":[0,0]},"s":{"a":0,"k":[100,100]},"p":{"a":0,"k":[0,0]},"r":{"a":0,"k":0}}]},{"ty":"gr","nm":"building shape group","it":[{"ty":"sh","ks":{"a":0,"k":{"c":true,"v":[[89.5453,349.767],[58.8378,349.767],[58.8378,381.165],[89.5453,381.165]],"i":[[0,0],[0,0],[0,0],[0,0]],"o":[[0,0],[0,0],[0,0],[0,0]]}}},{"ty":"st","o":{"a":0,"k":0},"w":{"a":0,"k":0},"c":{"a":0,"k":[0,0,0,0]},"lc":3,"lj":1,"ml":1},{"ty":"fl","o":{"a":0,"k":100},"r":1,"c":{"a":0,"k":[0.10588235294117647,0.2549019607843137,0.5803921568627451,1]}},{"ty":"tr","o":{"a":0,"k":100},"a":{"a":0,"k":[0,0]},"s":{"a":0,"k":[100,100]},"p":{"a":0,"k":[0,0]},"r":{"a":0,"k":0}}]},{"ty":"gr","nm":"building shape group","it":[{"ty":"sh","ks":{"a":0,"k":{"c":true,"v":[[89.5453,307.044],[58.8378,307.044],[58.8378,338.442],[89.5453,338.442]],"i":[[0,0],[0,0],[0,0],[0,0]],"o":[[0,0],[0,0],[0,0],[0,0]]}}},{"ty":"st","o":{"a":0,"k":0},"w":{"a":0,"k":0},"c":{"a":0,"k":[0,0,0,0]},"lc":3,"lj":1,"ml":1},{"ty":"fl","o":{"a":0,"k":100},"r":1,"c":{"a":0,"k":[0.10588235294117647,0.2549019607843137,0.5803921568627451,1]}},{"ty":"tr","o":{"a":0,"k":100},"a":{"a":0,"k":[0,0]},"s":{"a":0,"k":[100,100]},"p":{"a":0,"k":[0,0]},"r":{"a":0,"k":0}}]},{"ty":"gr","nm":"building shape group","it":[{"ty":"sh","ks":{"a":0,"k":{"c":true,"v":[[132.014,349.767],[101.306,349.767],[101.306,381.165],[132.014,381.165]],"i":[[0,0],[0,0],[0,0],[0,0]],"o":[[0,0],[0,0],[0,0],[0,0]]}}},{"ty":"st","o":{"a":0,"k":0},"w":{"a":0,"k":0},"c":{"a":0,"k":[0,0,0,0]},"lc":3,"lj":1,"ml":1},{"ty":"fl","o":{"a":0,"k":100},"r":1,"c":{"a":0,"k":[1,1,1,1]}},{"ty":"tr","o":{"a":0,"k":100},"a":{"a":0,"k":[0,0]},"s":{"a":0,"k":[100,100]},"p":{"a":0,"k":[0,0]},"r":{"a":0,"k":0}}]},{"ty":"gr","nm":"building shape group","it":[{"ty":"sh","ks":{"a":0,"k":{"c":true,"v":[[132.014,307.044],[101.306,307.044],[101.306,338.442],[132.014,338.442]],"i":[[0,0],[0,0],[0,0],[0,0]],"o":[[0,0],[0,0],[0,0],[0,0]]}}},{"ty":"st","o":{"a":0,"k":0},"w":{"a":0,"k":0},"c":{"a":0,"k":[0,0,0,0]},"lc":3,"lj":1,"ml":1},{"ty":"fl","o":{"a":0,"k":100},"r":1,"c":{"a":0,"k":[1,1,1,1]}},{"ty":"tr","o":{"a":0,"k":100},"a":{"a":0,"k":[0,0]},"s":{"a":0,"k":[100,100]},"p":{"a":0,"k":[0,0]},"r":{"a":0,"k":0}}]},{"ty":"gr","nm":"building shape group","it":[{"ty":"sh","ks":{"a":0,"k":{"c":true,"v":[[132.014,349.767],[101.306,349.767],[101.306,381.165],[132.014,381.165]],"i":[[0,0],[0,0],[0,0],[0,0]],"o":[[0,0],[0,0],[0,0],[0,0]]}}},{"ty":"st","o":{"a":0,"k":0},"w":{"a":0,"k":0},"c":{"a":0,"k":[0,0,0,0]},"lc":3,"lj":1,"ml":1},{"ty":"fl","o":{"a":0,"k":100},"r":1,"c":{"a":0,"k":[0.10588235294117647,0.2549019607843137,0.5803921568627451,1]}},{"ty":"tr","o":{"a":0,"k":100},"a":{"a":0,"k":[0,0]},"s":{"a":0,"k":[100,100]},"p":{"a":0,"k":[0,0]},"r":{"a":0,"k":0}}]},{"ty":"gr","nm":"building shape group","it":[{"ty":"sh","ks":{"a":0,"k":{"c":true,"v":[[132.014,307.044],[101.306,307.044],[101.306,338.442],[132.014,338.442]],"i":[[0,0],[0,0],[0,0],[0,0]],"o":[[0,0],[0,0],[0,0],[0,0]]}}},{"ty":"st","o":{"a":0,"k":0},"w":{"a":0,"k":0},"c":{"a":0,"k":[0,0,0,0]},"lc":3,"lj":1,"ml":1},{"ty":"fl","o":{"a":0,"k":100},"r":1,"c":{"a":0,"k":[0.10588235294117647,0.2549019607843137,0.5803921568627451,1]}},{"ty":"tr","o":{"a":0,"k":100},"a":{"a":0,"k":[0,0]},"s":{"a":0,"k":[100,100]},"p":{"a":0,"k":[0,0]},"r":{"a":0,"k":0}}]},{"ty":"gr","nm":"building shape group","it":[{"ty":"sh","ks":{"a":0,"k":{"c":true,"v":[[495,196.966],[376,196.966],[376,437],[495,437]],"i":[[0,0],[0,0],[0,0],[0,0]],"o":[[0,0],[0,0],[0,0],[0,0]]}}},{"ty":"st","o":{"a":0,"k":0},"w":{"a":0,"k":0},"c":{"a":0,"k":[0,0,0,0]},"lc":3,"lj":1,"ml":1},{"ty":"fl","o":{"a":0,"k":100},"r":1,"c":{"a":1,"k":[{"t":0,"s":[0.49411764705882355,0.7529411764705882,1,1],"e":[0.24705882352941178,0.5372549019607843,0.9803921568627451,1],"i":{"x":[0.515],"y":[0.955]},"o":{"x":[0.455],"y":[0.03]}},{"t":120}]}},{"ty":"tr","o":{"a":0,"k":100},"a":{"a":0,"k":[0,0]},"s":{"a":0,"k":[100,100]},"p":{"a":0,"k":[0,0]},"r":{"a":0,"k":0}}]},{"ty":"gr","nm":"building shape group","it":[{"ty":"sh","ks":{"a":0,"k":{"c":true,"v":[[496,178],[482,178],[482,198.744],[496,198.744]],"i":[[0,0],[0,0],[0,0],[0,0]],"o":[[0,0],[0,0],[0,0],[0,0]]}}},{"ty":"st","o":{"a":0,"k":0},"w":{"a":0,"k":0},"c":{"a":0,"k":[0,0,0,0]},"lc":3,"lj":1,"ml":1},{"ty":"fl","o":{"a":0,"k":100},"r":1,"c":{"a":1,"k":[{"t":0,"s":[0.49411764705882355,0.7529411764705882,1,1],"e":[0.24705882352941178,0.5372549019607843,0.9803921568627451,1],"i":{"x":[0.515],"y":[0.955]},"o":{"x":[0.455],"y":[0.03]}},{"t":120}]}},{"ty":"tr","o":{"a":0,"k":100},"a":{"a":0,"k":[0,0]},"s":{"a":0,"k":[100,100]},"p":{"a":0,"k":[0,0]},"r":{"a":0,"k":0}}]},{"ty":"gr","nm":"building shape group","it":[{"ty":"sh","ks":{"a":0,"k":{"c":true,"v":[[345,32],[226,32],[226,437],[345,437]],"i":[[0,0],[0,0],[0,0],[0,0]],"o":[[0,0],[0,0],[0,0],[0,0]]}}},{"ty":"st","o":{"a":0,"k":0},"w":{"a":0,"k":0},"c":{"a":0,"k":[0,0,0,0]},"lc":3,"lj":1,"ml":1},{"ty":"fl","o":{"a":0,"k":100},"r":1,"c":{"a":1,"k":[{"t":0,"s":[0.49411764705882355,0.7529411764705882,1,1],"e":[0.24705882352941178,0.5372549019607843,0.9803921568627451,1],"i":{"x":[0.515],"y":[0.955]},"o":{"x":[0.455],"y":[0.03]}},{"t":120}]}},{"ty":"tr","o":{"a":0,"k":100},"a":{"a":0,"k":[0,0]},"s":{"a":0,"k":[100,100]},"p":{"a":0,"k":[0,0]},"r":{"a":0,"k":0}}]},{"ty":"gr","nm":"building shape group","it":[{"ty":"sh","ks":{"a":0,"k":{"c":true,"v":[[67.694,189.508],[151.345,287.581],[151.345,436.227],[0.984009,436.227],[0.984009,268.924]],"i":[[0,0],[0,0],[0,0],[0,0],[0,0]],"o":[[0,0],[0,0],[0,0],[0,0],[0,0]]}}},{"ty":"st","o":{"a":0,"k":0},"w":{"a":0,"k":0},"c":{"a":0,"k":[0,0,0,0]},"lc":3,"lj":1,"ml":1},{"ty":"fl","o":{"a":0,"k":100},"r":1,"c":{"a":1,"k":[{"t":0,"s":[0.49411764705882355,0.7529411764705882,1,1],"e":[0.24705882352941178,0.5372549019607843,0.9803921568627451,1],"i":{"x":[0.515],"y":[0.955]},"o":{"x":[0.455],"y":[0.03]}},{"t":120}]}},{"ty":"tr","o":{"a":0,"k":100},"a":{"a":0,"k":[0,0]},"s":{"a":0,"k":[100,100]},"p":{"a":0,"k":[0,0]},"r":{"a":0,"k":0}}]},{"ty":"gr","nm":"building shape group","it":[{"ty":"sh","ks":{"a":0,"k":{"c":true,"v":[[346,0],[332,0],[332,35],[346,35]],"i":[[0,0],[0,0],[0,0],[0,0]],"o":[[0,0],[0,0],[0,0],[0,0]]}}},{"ty":"st","o":{"a":0,"k":0},"w":{"a":0,"k":0},"c":{"a":0,"k":[0,0,0,0]},"lc":3,"lj":1,"ml":1},{"ty":"fl","o":{"a":0,"k":100},"r":1,"c":{"a":1,"k":[{"t":0,"s":[0.49411764705882355,0.7529411764705882,1,1],"e":[0.24705882352941178,0.5372549019607843,0.9803921568627451,1],"i":{"x":[0.515],"y":[0.955]},"o":{"x":[0.455],"y":[0.03]}},{"t":120}]}},{"ty":"tr","o":{"a":0,"k":100},"a":{"a":0,"k":[0,0]},"s":{"a":0,"k":[100,100]},"p":{"a":0,"k":[0,0]},"r":{"a":0,"k":0}}]},{"ty":"gr","nm":"building shape group","it":[{"ty":"sh","ks":{"a":0,"k":{"c":true,"v":[[0.890991,271.384],[68.752,190.567],[202.171,190.567],[283.705,269.983],[282.058,271.042],[282.646,271.042],[282.646,436.227],[0.983978,436.227],[0.983978,271.042]],"i":[[0,0],[0,0],[0,0],[0,0],[0,0],[0,0],[0,0],[0,0],[0,0]],"o":[[0,0],[0,0],[0,0],[0,0],[0,0],[0,0],[0,0],[0,0],[0,0]]}}},{"ty":"st","o":{"a":0,"k":0},"w":{"a":0,"k":0},"c":{"a":0,"k":[0,0,0,0]},"lc":3,"lj":1,"ml":1},{"ty":"fl","o":{"a":0,"k":100},"r":1,"c":{"a":0,"k":[0.10588235294117647,0.2549019607843137,0.5803921568627451,1]}},{"ty":"tr","o":{"a":0,"k":100},"a":{"a":0,"k":[0,0]},"s":{"a":0,"k":[100,100]},"p":{"a":0,"k":[0,0]},"r":{"a":0,"k":0}}]},{"ty":"gr","nm":"building shape group","it":[{"ty":"sh","ks":{"a":0,"k":{"c":true,"v":[[41.7192,236.249],[57.1022,236.249],[57.1022,183],[41.7192,183]],"i":[[0,0],[0,0],[0,0],[0,0]],"o":[[0,0],[0,0],[0,0],[0,0]]}}},{"ty":"st","o":{"a":0,"k":0},"w":{"a":0,"k":0},"c":{"a":0,"k":[0,0,0,0]},"lc":3,"lj":1,"ml":1},{"ty":"fl","o":{"a":0,"k":100},"r":1,"c":{"a":0,"k":[0.10588235294117647,0.2549019607843137,0.5803921568627451,1]}},{"ty":"tr","o":{"a":0,"k":100},"a":{"a":0,"k":[0,0]},"s":{"a":0,"k":[100,100]},"p":{"a":0,"k":[0,0]},"r":{"a":0,"k":0}}]}],"op":120}],"op":120,"w":773,"h":390}